ID,Species,G,C,%GC
HN2888240.2,A,21.88874515,19.4041554,41.29290055
GC9829430.4,A,25.24316152,23.71816709,48.96132861
GH5196060.4,A,21.14511187,19.138669,40.28378087
HH1686380.4,A,19.52991966,18.03030813,37.56022779
GG4335620.2,A,23.3461151,22.01654849,45.36266359
HG9120010.2,A,23.14804711,21.69149178,44.83953889
HH4948020.4,A,30.66666504,29.15530852,59.82197356
QG7210060.2,A,29.58395319,27.83339495,57.41734814
HC4220530.4,A,23.62745867,21.93996482,45.56742349
GH9001040.1,A,21.90896486,19.9064791,41.81544396
CG6385510.4,A,24.08431463,23.06296476,47.14727939
GQ2723170.1,A,23.07361236,23.15770243,46.23131479
NH4409880.2,A,26.97907479,26.0436229,53.02269769
CQ7948760.3,A,32.79306394,30.30187312,63.09493706
NC4221530.4,A,25.58937349,23.52681193,49.11618542
CN4958720.4,A,33.06473042,31.72634053,64.79107095
NH7056750.3,A,28.92373881,26.8950236,55.81876241
HQ7862380.4,A,21.83858826,19.37444042,41.21302868
GC3615930.3,A,27.37406338,25.82110542,53.1951688
HC6636920.1,A,26.23086982,23.90543449,50.13630431
QC7624490.1,A,23.39725858,21.62240769,45.01966627
NC6050370.2,A,18.6402467,15.91667223,34.55691893
HG7148420.4,A,23.11806757,20.95693671,44.07500428
NC4098240.2,A,28.42536779,27.28837671,55.7137445
NC8969970.3,A,22.14644766,23.40399701,45.55044467
GC4860920.3,A,21.22299816,19.60607668,40.82907484
NC9503890.4,A,22.32885626,20.51770851,42.84656477
HC7761070.3,A,35.98618424,34.2070336,70.19321784
NC8094090.3,A,27.0209229,26.12078786,53.14171076
GN8077520.1,A,23.20882794,22.85641119,46.06523913
HN5217190.1,A,28.73458737,27.80934481,56.54393218
NG7763280.4,A,21.25509084,21.48486406,42.7399549
GC7928980.1,A,25.58648822,25.05755774,50.64404596
GC9706250.3,A,28.4044963,27.47083163,55.87532793
QN6222830.3,A,37.8183069,34.7405957,72.5589026
CG1027170.3,A,25.98754853,25.31185669,51.29940522
NC7389960.1,A,23.99258722,22.8331549,46.82574212
HN9799200.1,A,27.41473026,26.94778065,54.36251091
NN6411580.1,A,27.68991225,26.19621274,53.88612499
GN8832870.2,A,26.51612215,25.87040702,52.38652917
GN9978700.3,A,24.10979079,24.0484108,48.15820159
CN5036870.4,A,23.19934055,20.51692078,43.71626133
NH4490970.1,A,30.21194849,28.30096035,58.51290884
GQ1902810.1,A,28.24634834,24.9544145,53.20076284
QQ9337450.3,A,27.75671708,26.1045098,53.86122688
QC7740110.3,A,31.38258814,30.08657776,61.4691659
NH3649650.2,A,25.50990549,24.82433377,50.33423926
QG1003060.2,A,32.74476041,30.54924993,63.29401034
GH8325580.1,A,26.6126144,24.97884083,51.59145523
CG6302670.2,A,22.28731459,19.78143931,42.0687539
CG7747380.1,A,38.78419009,36.3263501,75.11054019
GH8587040.2,A,27.35798872,25.75060314,53.10859186
HG7114160.4,A,29.55815367,28.23753272,57.79568639
NN2186760.3,A,18.69200644,17.84968541,36.54169185
NH1303190.4,A,23.8491537,21.89594168,45.74509538
QN4541530.1,A,27.12272033,26.77715304,53.89987337
CH9182060.4,A,26.85588872,25.62821465,52.48410337
QN9604280.3,A,19.98830261,17.35688357,37.34518618
HN2871010.2,A,32.94744808,31.83937146,64.78681954
GQ2805960.1,A,33.24903488,31.98334266,65.23237754
GC4808470.2,A,26.03093686,25.15996277,51.19089963
NG3515450.1,A,25.17139587,23.99696289,49.16835876
CC8050040.2,A,26.56588885,25.99320834,52.55909719
CC1351010.4,A,20.35129298,18.4433102,38.79460318
QN1703270.3,A,22.65733881,21.54217303,44.19951184
CQ5750310.3,A,19.41631117,15.54640708,34.96271825
HQ6388650.4,A,27.54507943,25.77326057,53.31834
GN4341200.4,A,21.5160823,18.8131455,40.3292278
NQ2431630.1,A,24.23557401,22.81325251,47.04882652
GC3043300.2,A,30.71959394,27.75296057,58.47255451
GH9784020.4,A,22.31364454,23.44559459,45.75923913
CQ7717220.4,A,24.8204936,23.93558995,48.75608355
QN7100240.2,A,26.84565888,25.26092644,52.10658532
HQ2367500.2,A,29.79072649,29.5286926,59.31941909
NC3815980.3,A,20.81265154,19.69260193,40.50525347
HG7908340.2,A,27.8036261,25.53539317,53.33901927
HC3507620.4,A,20.98157933,19.01622831,39.99780764
CC6391730.4,A,27.22329473,24.90832704,52.13162177
NG5478420.3,A,30.1544233,28.62705675,58.78148005
NC7879760.1,A,32.9912311,31.11140477,64.10263587
CG3965050.4,A,18.83882663,18.81049956,37.64932619
NQ8720790.3,A,24.11249554,21.3736278,45.48612334
QN1139040.1,A,26.81376665,26.82313792,53.63690457
CC9690100.4,A,23.01070234,19.23246563,42.24316797
QG9267880.4,A,24.82557863,23.51507771,48.34065634
QN4519860.3,A,30.45261593,28.38633122,58.83894715
QQ1469930.3,A,30.13737642,30.76503944,60.90241586
GQ5860620.1,A,23.11656058,21.95321726,45.06977784
NN5574650.3,A,21.31315241,20.18096953,41.49412194
GQ7758310.3,A,24.41655555,23.12358417,47.54013972
CN7600140.1,A,25.89513775,24.81687783,50.71201558
HG7403470.3,A,22.84171096,22.29582576,45.13753672
QG1102680.1,A,20.8951203,20.50825218,41.40337248
HQ1305750.3,A,23.66715363,22.0445776,45.71173123
QQ7621670.4,A,26.2790687,23.62325484,49.90232354
QC8459430.2,A,19.92152839,18.67209574,38.59362413
HH9890510.1,A,27.5013319,26.17734327,53.67867517
QG8256410.2,A,22.92377292,19.80653677,42.73030969
NN8953570.4,A,23.40500454,24.00370169,47.40870623
CQ9516290.3,A,28.98652124,25.80118626,54.7877075
NH6547920.2,A,27.63948441,26.11548479,53.7549692
CG8702500.3,A,20.19589517,17.66916482,37.86505999
HQ5956660.4,A,25.83226339,23.85208604,49.68434943
HH9099550.2,A,24.59539229,22.89643212,47.49182441
QH4843770.2,A,24.11591586,22.10748677,46.22340263
QN8049330.2,A,26.54916864,23.75157478,50.30074342
CQ6129570.1,A,23.91605371,20.79272234,44.70877605
NH4481410.2,A,29.37568248,25.00045409,54.37613657
NC1162130.1,A,21.25965535,20.32868585,41.5883412
NC6867020.2,A,24.37922149,21.46594413,45.84516562
CQ8553910.4,A,25.07352869,23.53179726,48.60532595
QC7550390.4,A,27.02126778,27.55647453,54.57774231
NG3088120.1,A,28.59742838,27.73199895,56.32942733
QQ4043800.3,A,25.13091402,22.27322728,47.4041413
GG7412510.3,A,24.34054731,23.40443183,47.74497914
NN1080220.2,A,22.7285326,21.95485084,44.68338344
CH9651890.4,A,24.79247833,23.78479023,48.57726856
GN5307390.3,A,32.13355541,30.87651466,63.01007007
NG4488980.3,A,22.89184436,22.05687796,44.94872232
QC3281320.1,A,26.73391295,24.7618952,51.49580815
QC6152540.2,A,24.64354369,24.0107542,48.65429789
CQ4883700.3,A,27.01724997,25.82838868,52.84563865
CQ3205570.2,A,25.75032356,24.23282928,49.98315284
QN5865870.3,A,20.560119,18.33087092,38.89098992
NC4796690.3,A,32.30686298,30.04134902,62.348212
GH2832880.1,A,27.62534533,26.97278749,54.59813282
NH6207240.1,A,32.99419086,30.90703952,63.90123038
NN3201040.1,A,24.34260048,21.65662661,45.99922709
CQ9441370.2,A,16.02456955,15.14195622,31.16652577
CG9120800.4,A,20.88335345,18.80342626,39.68677971
CN4668870.4,A,21.14554176,19.64219642,40.78773818
NC8755060.2,A,23.87425298,20.95054589,44.82479887
QQ2473960.3,A,24.41377234,25.41467223,49.82844457
GH1345980.3,A,20.55786616,18.46565117,39.02351733
NQ9699040.1,A,24.92881501,24.30240367,49.23121868
NQ7041190.3,A,25.74088729,22.64766133,48.38854862
HN5093540.4,A,26.61234464,25.24285585,51.85520049
GC9533380.2,A,25.86257947,25.03006576,50.89264523
QN9185270.4,A,24.45697759,23.26955849,47.72653608
CN2504590.2,A,23.16358726,21.78158416,44.94517142
QC4430060.2,A,23.85070143,22.99821731,46.84891874
QC8747750.1,A,28.40437722,26.81738503,55.22176225
NQ8988350.4,A,29.81846076,28.12468437,57.94314513
QN4530050.2,A,21.95129868,20.96698371,42.91828239
CN9296980.2,A,22.51601547,20.25680239,42.77281786
QC6704360.4,A,26.26560429,26.19932316,52.46492745
GQ8386350.3,A,23.8499233,21.40054872,45.25047202
HH7518120.1,A,29.96984826,27.24900782,57.21885608
CC3476460.1,A,30.97045143,30.26651474,61.23696617
HN7294300.1,A,17.68325812,17.45766324,35.14092136
GC4050190.2,A,26.07992505,25.12394857,51.20387362
QQ7496390.4,A,24.32859985,21.90032779,46.22892764
QN8673500.1,A,26.96835828,28.31711718,55.28547546
HQ8622720.2,A,22.74386424,21.81865034,44.56251458
HC6623750.3,A,24.7457893,23.33063738,48.07642668
QN5991550.3,A,31.0581531,29.36253284,60.42068594
QN6817960.3,A,25.01347225,21.81881999,46.83229224
HQ5755560.1,A,19.67284217,18.58818591,38.26102808
QH3802160.2,A,32.47849202,30.02031832,62.49881034
CC7857720.1,A,19.65610083,19.3169235,38.97302433
QN4590920.2,A,26.22368123,24.89467283,51.11835406
QN8020110.3,A,22.06206222,20.80481432,42.86687654
GQ9399530.2,A,15.29072626,15.30953763,30.60026389
QH7025560.4,A,28.4055548,27.76196055,56.16751535
NH4053550.4,A,24.98508421,23.38607685,48.37116106
HH5136060.1,A,14.82573159,14.41203852,29.23777011
GQ8576170.4,A,27.21578257,25.86611939,53.08190196
CH3598960.3,A,26.67008052,24.15240233,50.82248285
QH2524250.4,A,24.85035518,22.58826282,47.438618
HC6693800.1,A,23.23310455,20.83485377,44.06795832
GG8270790.2,A,34.64876524,32.05092747,66.69969271
CC1082080.3,A,19.68253227,20.87760314,40.56013541
HQ6327700.1,A,22.88809642,22.44964573,45.33774215
GC8540720.4,A,31.1400448,29.60077977,60.74082457
QG5469810.3,A,23.29020485,21.88363759,45.17384244
HN9173920.2,A,20.66104076,20.87801542,41.53905618
NN4215870.1,A,20.58925977,18.83400433,39.4232641
GN7896890.4,A,27.28662171,22.98735989,50.2739816
GG7863890.3,A,20.67103474,20.10030037,40.77133511
QN1520900.2,A,18.15035844,16.00050461,34.15086305
HC2559140.3,A,31.77861091,30.31073294,62.08934385
QN6729240.1,A,23.79690606,22.20644633,46.00335239
CN3720480.2,A,23.43563211,22.22602507,45.66165718
GH7062640.1,A,24.92286153,22.53452262,47.45738415
GH1836910.4,A,28.71047301,26.88719742,55.59767043
GQ1271760.1,A,27.22023679,25.47261797,52.69285476
HN5037110.2,A,22.18506412,20.10951281,42.29457693
CH4873990.1,A,28.18630621,26.32646783,54.51277404
HC7344020.1,A,26.02495943,25.63920357,51.664163
GN7081310.2,A,23.34102702,22.31919544,45.66022246
CG3176140.3,A,30.03636381,28.4663918,58.50275561
HQ8432900.2,A,22.35569632,21.44667284,43.80236916
HN6409960.4,A,29.35391092,26.02689853,55.38080945
QN5452360.4,A,27.91662513,25.60486902,53.52149415
QG3410550.2,A,24.03946347,22.48813729,46.52760076
NQ5081770.3,A,27.70684891,25.82930918,53.53615809
CQ5186460.2,A,28.93335271,27.92913211,56.86248482
GN2545580.2,A,25.22402455,23.93892661,49.16295116
GN1948740.1,A,18.18531648,17.5911813,35.77649778
HQ5908310.3,A,24.32565401,22.7214622,47.04711621
GN6765510.4,A,25.18774242,21.85039998,47.0381424
CQ4297170.3,A,21.07236551,20.50834806,41.58071357
GN7944450.3,A,28.90692035,26.9601028,55.86702315
QQ3363370.1,A,21.30189966,20.29031408,41.59221374
NH6956560.2,A,23.92952028,24.46705845,48.39657873
HG8863780.2,A,32.91160036,30.53280985,63.44441021
NH9490930.2,A,24.10945997,22.90090412,47.01036409
NH4304970.4,A,27.42185213,24.72822166,52.15007379
HG8547950.3,A,34.62059063,34.46620843,69.08679906
CC2210830.4,A,20.75170893,17.54466945,38.29637838
HC6987020.1,A,23.20545497,22.36677416,45.57222913
CC5152520.4,A,31.50927804,29.72608234,61.23536038
CN2398850.4,A,25.74298518,25.7189272,51.46191238
CG4864240.3,A,23.71192401,22.21581735,45.92774136
NC6085540.4,A,21.26224322,20.56921552,41.83145874
HC8999910.3,A,28.02754961,26.30038946,54.32793907
GC6875530.1,A,21.2361651,20.96000547,42.19617057
QH5101210.4,A,22.42477224,22.11506797,44.53984021
NN9527300.2,A,29.98551642,27.40474961,57.39026603
HG4713460.2,A,28.54752413,25.91917636,54.46670049
GH5139090.2,A,30.63950888,28.80119757,59.44070645
CQ9505710.2,A,17.51155164,15.08079426,32.5923459
HC6779580.2,A,26.0563407,22.37263846,48.42897916
GQ8181470.4,A,27.07858575,25.96598906,53.04457481
GH4424770.2,A,24.36300536,23.91444139,48.27744675
GH6947850.4,A,24.9163995,23.1649649,48.0813644
NH2297310.4,A,20.71849216,20.51205374,41.2305459
GC4295260.3,A,31.0365993,29.50650491,60.54310421
NH6202410.4,A,31.57168578,28.17478465,59.74647043
CG1167870.3,A,30.38645186,28.51785944,58.9043113
NC2325730.2,A,28.68381074,28.2667598,56.95057054
QN5390560.2,A,32.15346604,30.53703972,62.69050576
GN3893840.2,A,27.93295411,24.75023835,52.68319246
CN5890600.1,A,24.67981885,23.88274602,48.56256487
QC1047200.2,A,30.91369311,30.91808166,61.83177477
CG5651610.4,A,20.73356964,20.65915084,41.39272048
GQ8758620.2,A,30.35198448,28.97595457,59.32793905
HH7346640.2,A,28.91490115,27.98984798,56.90474913
QH3149180.4,A,23.75720258,24.75788984,48.51509242
CC6646820.2,A,22.02281525,22.21328347,44.23609872
QQ1982510.3,A,33.08164396,30.12369854,63.2053425
NC1095420.2,A,28.2206792,26.3084072,54.5290864
HG3170260.3,A,23.67395394,21.28102894,44.95498288
HQ1698810.3,A,30.66860028,29.21572364,59.88432392
QN9980650.4,A,26.62950557,26.77074256,53.40024813
HG1629310.4,A,24.35988809,23.10351416,47.46340225
QQ5375260.4,A,26.73117701,25.34721756,52.07839457
NC2346630.2,A,19.05294245,18.59822849,37.65117094
NN3211370.1,A,29.35795849,29.13252142,58.49047991
CC7208140.3,A,29.87780517,29.64691673,59.5247219
GH5962010.2,A,25.99836472,23.90159587,49.89996059
QH4947100.1,A,19.30577763,18.36620151,37.67197914
NC6592370.3,A,18.7831075,19.89236294,38.67547044
NC2054820.2,A,23.44698281,21.72370268,45.17068549
CH1061160.2,A,28.40746936,26.3050528,54.71252216
NC7936920.3,A,26.02104889,23.3511141,49.37216299
NH8023970.2,A,29.39081256,26.84835998,56.23917254
QH9244190.3,A,22.81813262,22.26951217,45.08764479
QH6999780.1,A,24.27189186,23.43805718,47.70994904
QH7038970.1,A,27.09671927,28.25843166,55.35515093
HQ2872380.1,A,25.1534228,24.09786756,49.25129036
NC5430060.2,A,17.03522141,15.92541858,32.96063999
GQ6775920.3,A,25.26096946,25.31715922,50.57812868
QQ4670540.2,A,20.60834295,18.28477731,38.89312026
CN6573560.1,A,23.03418545,23.38187139,46.41605684
QQ4709740.1,A,25.57615771,26.10109187,51.67724958
CC7191270.3,A,21.62482613,20.26127181,41.88609794
GG1941600.3,A,28.30000118,27.40616201,55.70616319
HC6161170.3,A,28.4014653,26.80854138,55.21000668
CH9147340.1,A,28.07670381,26.32605203,54.40275584
QH6975020.3,A,25.2599324,25.27720081,50.53713321
HH1564820.2,A,26.12893367,25.05288158,51.18181525
CN7437860.1,A,26.55680549,25.61986221,52.1766677
GH6930140.2,A,23.86634549,23.81785988,47.68420537
CN1655510.3,A,22.93959904,20.20937334,43.14897238
GQ7764840.1,A,24.14359452,21.22643859,45.37003311
QC8021670.4,A,21.49839864,20.95453461,42.45293325
CN3491870.3,A,23.55759224,22.69259428,46.25018652
NN5020700.1,A,27.67683572,26.34614488,54.0229806
QC3867840.3,A,20.9024286,19.85851075,40.76093935
HQ2296000.1,A,25.25692183,24.43317841,49.69010024
CH8127610.4,A,22.24693841,21.32290963,43.56984804
NN9265120.4,A,25.33233114,25.0609972,50.39332834
NG8284720.4,A,28.30644534,25.9183949,54.22484024
QQ2194460.3,A,23.82846545,22.35213976,46.18060521
NH8258640.3,A,15.46256157,14.2353835,29.69794507
QH6118180.3,A,28.19732485,24.64996393,52.84728878
QG8143260.3,A,21.05007256,18.88707153,39.93714409
QN3744740.3,A,26.22587224,23.8956778,50.12155004
GH4426910.3,A,29.53468339,30.48644402,60.02112741
NN6905000.1,A,22.3624894,21.6965324,44.0590218
HQ3336810.1,A,26.81060348,25.34409686,52.15470034
QN6147390.3,A,27.92104995,26.97080828,54.89185823
GC1189870.1,A,30.38484348,30.779445,61.16428848
HQ4273970.4,A,25.1688652,23.84208018,49.01094538
QG7692430.2,A,22.08209105,21.47241144,43.55450249
HC3313890.3,A,26.15701111,24.81765028,50.97466139
QC1170490.1,A,20.67000951,19.48560937,40.15561888
NG7291660.2,A,20.6811672,18.33174819,39.01291539
QG4140110.2,A,20.18314792,19.49073767,39.67388559
NN5204790.1,A,22.89121758,22.94952171,45.84073929
QN8681700.3,A,19.19169402,17.30863425,36.50032827
GH6514290.3,A,29.86002706,28.49559138,58.35561844
CN4709520.1,A,20.85082891,21.80147577,42.65230468
NN8351380.4,A,24.97711713,24.40257889,49.37969602
GQ2012880.2,A,19.49740717,18.43043653,37.9278437
HQ2170510.3,A,28.03400565,28.94802103,56.98202668
HN3955410.4,A,23.59299616,22.07333492,45.66633108
NN9405380.4,A,34.14280984,33.34677035,67.48958019
HG1016180.4,A,28.51277314,27.79604373,56.30881687
QH1774660.1,A,21.57047224,18.59284275,40.16331499
GQ7646340.2,A,32.66517447,30.25769272,62.92286719
CN7094030.1,A,19.58862633,19.30580677,38.8944331
GG3533370.3,A,30.54795133,28.57484777,59.1227991
NG7083050.2,A,29.46006681,28.15030056,57.61036737
GH1703890.2,A,23.49336764,22.21982044,45.71318808
NQ9314080.4,A,24.96792656,24.58055858,49.54848514
NN6163250.2,A,17.6681966,15.01422966,32.68242626
GC1445390.1,A,28.78188544,27.23236765,56.01425309
CG3209520.3,A,24.8489827,22.92132031,47.77030301
NG9249980.1,A,22.5009213,20.31693113,42.81785243
GQ4131550.1,A,23.69970109,20.13016039,43.82986148
HQ9899450.2,A,27.2268843,27.4218524,54.6487367
CH4562110.3,A,23.10125561,21.69382953,44.79508514
QQ6780070.1,A,24.1805811,23.44619742,47.62677852
CG6661910.2,A,28.79481841,27.77004397,56.56486238
NN9594990.2,A,23.05134041,21.48177847,44.53311888
CG1277200.1,A,22.32357141,21.94516612,44.26873753
QG5920700.4,A,24.41348203,22.33008051,46.74356254
QC3250780.3,A,28.35500458,28.80141454,57.15641912
GC7589270.3,A,28.86682143,26.9200683,55.78688973
NQ2545100.4,A,33.10269981,30.98977995,64.09247976
QH2622670.1,A,16.60464131,16.78401571,33.38865702
NG8931280.1,A,31.9537909,29.27672301,61.23051391
CG8260660.2,A,24.22218129,21.81080028,46.03298157
NN2571270.4,A,17.72654021,15.92000788,33.64654809
NG8049260.1,B,30.57964354,28.54216883,59.12181237
GH7005990.2,B,31.89521539,31.03973989,62.93495528
CQ1467370.3,B,24.81614337,22.25793725,47.07408062
QN1514310.1,B,24.9873761,23.37435943,48.36173553
GH5183950.2,B,18.75158846,18.36065281,37.11224127
GQ6463680.1,B,26.71065333,25.17820568,51.88885901
QH6087680.3,B,33.45567339,31.94775622,65.40342961
HN2303640.1,B,31.91628369,30.83427236,62.75055605
NN6600460.3,B,26.27505843,24.65742262,50.93248105
QC8082590.4,B,26.172677,24.39386349,50.56654049
NH7084400.3,B,23.90402548,23.58570517,47.48973065
GQ4868420.1,B,28.02393755,27.03375133,55.05768888
CH8218580.2,B,20.40914305,20.50794357,40.91708662
CQ3593890.4,B,31.7406053,29.56738037,61.30798567
CC2076380.4,B,23.8516951,24.36710683,48.21880193
HG6571120.4,B,26.39324611,25.32516059,51.7184067
GQ8456550.1,B,15.89192615,14.46746984,30.35939599
NC4640950.3,B,31.92307527,31.6382881,63.56136337
HG4129400.3,B,18.93952893,18.31449289,37.25402182
HG7357980.4,B,27.42960196,27.24791348,54.67751544
CG2029120.3,B,21.70840054,20.75142014,42.45982068
NN2052120.1,B,31.3430109,29.87371191,61.21672281
QN2424050.1,B,23.5125065,21.59340191,45.10590841
QN3691600.4,B,21.94079407,21.14779007,43.08858414
GQ2138800.4,B,29.37797809,27.79063956,57.16861765
HN8699460.2,B,26.03660094,27.23638786,53.2729888
QG3563630.2,B,24.78834442,22.22087755,47.00922197
GQ8551170.1,B,19.64431583,19.04766273,38.69197856
GG3947390.1,B,28.50008643,27.41198421,55.91207064
GG7512950.2,B,28.5936982,25.67628363,54.26998183
QC3082660.4,B,25.66468371,25.29648696,50.96117067
GC3096500.3,B,20.98379815,19.2531791,40.23697725
NQ3473700.4,B,29.18221303,27.09788121,56.28009424
HG7007860.1,B,30.03844005,29.6738247,59.71226475
HN9717290.2,B,20.67424261,18.7526963,39.42693891
QH6015930.1,B,34.52748336,32.52302347,67.05050683
NN7050710.4,B,22.83566396,22.60983022,45.44549418
HG1395280.4,B,24.31062984,22.29953882,46.61016866
NQ5282420.1,B,27.51172711,26.22023553,53.73196264
HH3756860.1,B,22.99207745,20.34216848,43.33424593
NN5047530.1,B,18.30998724,18.5839206,36.89390784
GQ5989950.1,B,29.49683498,27.94846133,57.44529631
QH4732150.1,B,23.45458898,21.46424043,44.91882941
HN8483240.1,B,31.11087862,27.65080966,58.76168828
HG1234160.2,B,28.88595246,27.58904577,56.47499823
CC3404240.3,B,26.80718358,26.07493296,52.88211654
CH5779300.2,B,29.11628051,26.14909999,55.2653805
HC5575090.1,B,16.41494243,15.40104792,31.81599035
CC4754260.3,B,24.03939673,23.3055235,47.34492023
CC7459080.3,B,32.32554713,28.6695521,60.99509923
CH1683380.4,B,22.47781516,21.17100836,43.64882352
GN4734320.3,B,28.85620525,25.87598968,54.73219493
NH7282240.1,B,28.67171041,27.16131101,55.83302142
GQ7981140.2,B,25.96624579,24.97085965,50.93710544
GN1317350.3,B,24.413252,23.7073765,48.1206285
HG8035820.4,B,25.59237585,25.47505674,51.06743259
HH5022110.4,B,23.11738864,22.58311542,45.70050406
NG3553340.4,B,28.08773412,27.10892987,55.19666399
CG6536370.2,B,28.36767159,25.70027099,54.06794258
HC8363750.4,B,29.027583,27.40879238,56.43637538
HN5824910.4,B,26.91340192,25.18534126,52.09874318
NC1616260.4,B,17.9137402,16.51016275,34.42390295
NG6353400.3,B,28.26156601,26.37452742,54.63609343
HG8309560.2,B,24.28705081,22.71125304,46.99830385
CQ2318470.4,B,24.77186436,24.04177831,48.81364267
NH4585070.4,B,22.07870253,21.48684291,43.56554544
CH9052890.4,B,20.28652144,21.17785425,41.46437569
NQ1274680.4,B,24.48688444,22.85518102,47.34206546
HH7514050.2,B,22.30604743,21.56880068,43.87484811
NG6058040.1,B,24.48127465,23.6345365,48.11581115
CQ8338800.3,B,21.39297612,18.83181689,40.22479301
GC5295650.4,B,21.83784505,21.34252185,43.1803669
CH1688270.4,B,35.36680779,34.74052618,70.10733397
CH1550290.3,B,16.30310092,16.71669103,33.01979195
GG6240850.2,B,24.96586688,23.91300909,48.87887597
HG3473590.3,B,26.19885248,25.02687774,51.22573022
NQ2680750.2,B,32.12193326,30.83351605,62.95544931
QN2430470.3,B,35.97116362,34.36218784,70.33335146
GG9282390.4,B,29.39375765,28.13839844,57.53215609
CC9519910.3,B,25.94046523,23.27976336,49.22022859
GH4218370.2,B,27.07277288,25.27470306,52.34747594
GH6407460.1,B,21.39667585,20.21204883,41.60872468
GN4937510.3,B,32.89169852,32.05909863,64.95079715
HG2187640.2,B,23.40561008,23.39573592,46.801346
GQ2979810.4,B,25.87798231,23.24073588,49.11871819
CC5158910.1,B,24.14245504,20.78220815,44.92466319
QH8702130.3,B,23.57197436,21.92654439,45.49851875
NN4245520.3,B,25.69112538,24.9900731,50.68119848
HC4583440.1,B,19.28354889,17.49064715,36.77419604
NH9139530.3,B,31.25362613,29.22756075,60.48118688
NG7445350.1,B,23.98085374,20.84174127,44.82259501
GG9052170.2,B,24.82013643,24.8027288,49.62286523
NG6330620.1,B,20.87960367,20.14079509,41.02039876
QN4077380.2,B,18.88890215,17.94111012,36.83001227
GQ9234960.2,B,24.9519343,24.03055122,48.98248552
CC7736300.4,B,23.27092624,22.01743776,45.288364
HC4479810.4,B,23.81946372,22.03623119,45.85569491
NC3176160.4,B,25.91537731,24.62459342,50.53997073
GN7867430.3,B,18.90003648,18.22060706,37.12064354
HG4238850.1,B,28.20280832,25.06669257,53.26950089
NG1703130.1,B,20.93797891,19.43647185,40.37445076
NG3109350.1,B,32.09822025,29.38808069,61.48630094
GH8063310.1,B,24.00049204,21.33804523,45.33853727
HN7104310.1,B,29.56981742,29.80178217,59.37159959
CH2314770.4,B,25.91051595,25.94771117,51.85822712
GH8207050.3,B,33.22253376,32.1734867,65.39602046
NH1419460.2,B,24.0037774,22.67945303,46.68323043
HN2154060.1,B,29.22533522,28.9123319,58.13766712
NG9128530.4,B,23.78764693,22.56796789,46.35561482
QC6066860.2,B,26.51536322,24.28278156,50.79814478
NH1358600.2,B,26.75802798,26.12018279,52.87821077
HC3287960.1,B,26.06099724,25.21660887,51.27760611
HH4585660.4,B,27.56591961,25.91024189,53.4761615
HN8220030.1,B,27.07569203,26.71003566,53.78572769
CQ6694390.2,B,30.49094485,30.80261896,61.29356381
CN5007110.3,B,20.78917303,20.7740766,41.56324963
HQ1706350.3,B,22.16041902,21.5511206,43.71153962
NH2314820.2,B,33.39886585,31.99779637,65.39666222
QQ3846090.1,B,29.86442771,28.35627398,58.22070169
HC6857950.2,B,20.68510955,19.15276473,39.83787428
CG9021010.2,B,26.43766237,25.46152825,51.89919062
CN5832780.2,B,29.84871176,28.37200353,58.22071529
QC8397540.4,B,23.90196951,21.79429273,45.69626224
NG5554280.1,B,25.07738377,24.44523931,49.52262308
HG6659900.2,B,30.40367627,30.02959875,60.43327502
CQ2355530.2,B,30.37105544,26.62715627,56.99821171
CG1931130.2,B,20.33195444,17.42552842,37.75748286
NC4620350.3,B,29.95524955,28.92513345,58.880383
GH3369380.2,B,26.61875055,24.5351782,51.15392875
NG1422560.3,B,32.25465039,30.65551118,62.91016157
HQ6146890.2,B,30.26825161,29.26485181,59.53310342
QQ8094600.2,B,22.96692187,22.51861401,45.48553588
NQ6936590.4,B,22.52859478,22.15570129,44.68429607
NN9129990.3,B,18.40091661,18.82279017,37.22370678
NG4078170.1,B,29.47199828,29.2552402,58.72723848
CQ6013430.3,B,17.35553754,15.62648915,32.98202669
CC6596730.2,B,23.70768987,23.34639115,47.05408102
NC5194400.4,B,29.76840282,26.78490585,56.55330867
GG9453710.1,B,18.99131276,17.72587483,36.71718759
CH2490790.4,B,23.20319799,20.19304311,43.3962411
HN6069900.1,B,26.7265668,26.59595351,53.32252031
CQ3638460.3,B,23.9642725,22.74262096,46.70689346
NH9966900.3,B,23.61982847,22.67309771,46.29292618
QQ4233570.1,B,23.270197,23.73862388,47.00882088
NQ1045940.4,B,24.69142922,22.90749071,47.59891993
HC9049700.4,B,32.85153893,32.70338158,65.55492051
GN8132700.3,B,24.74858077,24.51498075,49.26356152
HN2065950.3,B,22.54077529,21.82242671,44.363202
QC6888410.3,B,22.2457463,20.37200109,42.61774739
QN3980330.4,B,31.64496328,29.53595442,61.1809177
HN9164950.1,B,30.28536669,28.64827052,58.93363721
NH1104580.1,B,32.71821586,31.22458314,63.942799
CG5129640.3,B,21.43757181,21.4050512,42.84262301
HG8307620.1,B,32.28175135,30.40824198,62.68999333
CQ5582890.3,B,26.36648115,24.08150127,50.44798242
CN3404860.2,B,24.24909297,21.80953634,46.05862931
QQ4878030.3,B,24.11659171,24.21057706,48.32716877
QG9259520.2,B,22.92410889,23.5604547,46.48456359
QN8332780.4,B,27.73176047,28.59058028,56.32234075
NC1258670.4,B,24.68950174,23.63269796,48.3221997
GH1650620.3,B,24.66858296,22.52944828,47.19803124
HQ5275810.3,B,23.97846112,20.67085046,44.64931158
CH1487030.1,B,24.09059114,24.3143151,48.40490624
CG1919400.2,B,33.53588104,31.95125993,65.48714097
NC9639760.3,B,24.72714261,21.97684787,46.70399048
QN8951590.2,B,31.10149394,28.88683739,59.98833133
GN4222570.3,B,26.06843697,26.62197001,52.69040698
GQ4651730.3,B,25.1802385,24.36741165,49.54765015
GQ2843790.4,B,25.17627791,23.01876834,48.19504625
GN2899700.4,B,25.96890369,24.88894009,50.85784378
NH2157500.3,B,29.92321569,29.16616804,59.08938373
CQ5362340.2,B,32.924699,30.79562917,63.72032817
HH5600040.1,B,24.63258944,23.06670361,47.69929305
HH3802650.4,B,23.15201846,23.66992397,46.82194243
HG1147670.1,B,22.33907127,21.36200489,43.70107616
GH7418840.3,B,24.61495648,24.00174776,48.61670424
CQ8377550.2,B,23.81097291,22.00087785,45.81185076
CN8232980.4,B,25.82888146,22.13727113,47.96615259
GN9149500.4,B,21.47684649,19.29032128,40.76716777
GQ3024300.2,B,22.2122941,19.90326844,42.11556254
HC3032980.1,B,25.1497957,24.02436818,49.17416388
CH1013590.2,B,25.85942864,24.34015483,50.19958347
HH3662990.3,B,23.90716768,22.48163007,46.38879775
QG6801980.3,B,26.8777531,25.41559207,52.29334517
QG8689950.2,B,20.2435048,18.5868497,38.8303545
QH9648340.3,B,18.11379012,17.13638629,35.25017641
QQ8871250.4,B,28.01360552,26.2043161,54.21792162
QC3998750.4,B,27.73766595,26.73590576,54.47357171
NG5040870.4,B,29.44886208,28.75210635,58.20096843
HC7264910.3,B,26.20349501,24.95132672,51.15482173
GN6598030.4,B,26.12979449,23.84216786,49.97196235
QG5046240.4,B,23.03484816,21.99315109,45.02799925
GN3058290.1,B,28.16021741,26.71713548,54.87735289
HG9186630.4,B,25.38997297,24.08271878,49.47269175
NH2718680.1,B,16.60653622,14.86689135,31.47342757
NG3604860.4,B,26.11650541,24.7729119,50.88941731
NH5020580.1,B,15.14223133,13.20352766,28.34575899
GH5877820.1,B,22.17638819,21.89421575,44.07060394
HQ6473320.3,B,21.75305996,20.58241109,42.33547105
GN8830620.3,B,27.06337769,25.61273109,52.67610878
NQ2164660.4,B,22.04040723,21.80301666,43.84342389
QN2582690.1,B,29.35168716,28.64405252,57.99573968
GQ9942250.2,B,26.29307444,27.13897307,53.43204751
CH9389150.4,B,23.78467725,22.34197767,46.12665492
CH6997550.2,B,30.25866626,28.91723863,59.17590489
CG2183090.3,B,22.40741296,18.51931717,40.92673013
CQ1880300.2,B,25.16967148,24.27554536,49.44521684
QN5536720.3,B,31.46225364,31.41998242,62.88223606
QQ3734280.3,B,26.10827716,25.64645613,51.75473329
GN2432940.1,B,23.73837282,23.55043919,47.28881201
CH5225850.4,B,21.81322629,21.46426443,43.27749072
CC7362280.4,B,26.86394707,24.8707294,51.73467647
NC6486280.4,B,27.22255534,26.07388294,53.29643828
NN2871660.1,B,27.1728602,26.23034885,53.40320905
HC8348110.4,B,22.39514476,23.19718687,45.59233163
QC1978140.4,B,23.52587102,22.89211796,46.41798898
QH7848290.4,B,29.58729833,29.03279336,58.62009169
GG4257470.1,B,25.97503255,26.44744665,52.4224792
NH6179110.4,B,21.09821996,20.23860068,41.33682064
GG5524410.1,B,12.26496912,12.19546303,24.46043215
HC2189460.3,B,23.01954511,20.21680937,43.23635448
CN6362630.4,B,24.1355135,23.90523425,48.04074775
QG2066050.4,B,30.40696748,30.38123003,60.78819751
QQ5706740.4,B,25.941574,23.96531438,49.90688838
GQ5264270.4,B,19.70270175,16.42170453,36.12440628
HC5661490.4,B,27.84837157,26.66270875,54.51108032
GH2077000.2,B,25.80330325,24.21935558,50.02265883
CC7402820.4,B,20.13928566,18.38443069,38.52371635
QH7482310.2,B,26.9907994,26.07945715,53.07025655
GH9872360.3,B,15.05578559,14.80355076,29.85933635
GH4593560.4,B,30.76177384,28.72733902,59.48911286
CC1397340.3,B,24.81418873,23.98885583,48.80304456
NN6496640.2,B,23.6146833,21.25436207,44.86904537
GH3026400.3,B,19.94936173,19.1193033,39.06866503
QG4052300.2,B,20.40469062,21.06530058,41.4699912
CN7717050.3,B,25.57458167,23.5509525,49.12553417
GN3574620.2,B,29.31328695,28.02197333,57.33526028
HQ1346550.3,B,25.79814154,23.81153995,49.60968149
QC9416350.2,B,21.91921801,21.36481256,43.28403057
HQ1109520.4,B,22.41938842,22.98966809,45.40905651
GN7166900.4,B,27.06163342,26.1253028,53.18693622
HQ8753360.1,B,27.09474918,27.47139983,54.56614901
NQ5265730.2,B,31.16163439,29.94085055,61.10248494
QN6748970.2,B,31.98770731,29.84160536,61.82931267
NG1688160.4,B,20.77090629,18.26261293,39.03351922
GH4399190.4,B,25.47961269,24.73872222,50.21833491
QQ6172010.4,B,27.69027629,25.75441693,53.44469322
CC4149560.2,B,26.3910795,27.28510767,53.67618717
NC3467790.1,B,26.94673574,24.83265248,51.77938822
NQ9252670.4,B,22.95113112,21.3901364,44.34126752
QC2128880.3,B,26.92683771,25.53731486,52.46415257
NC6955050.1,B,24.04698091,23.29876647,47.34574738
NQ6568680.1,B,32.06120368,29.53799147,61.59919515
HH4146000.3,B,29.44594173,28.8441944,58.29013613
QQ7085050.2,B,24.69437455,22.73050475,47.4248793
QQ4872920.2,B,24.11673197,21.96023817,46.07697014
NG8570640.3,B,23.48738446,21.96884821,45.45623267
CG3942930.1,B,26.81465654,25.76767705,52.58233359
QQ2440920.2,B,24.150898,23.43029505,47.58119305
CG4210940.2,B,31.78075066,29.97712932,61.75787998
CN6084910.2,B,21.60460861,20.15984232,41.76445093
GQ3888500.4,B,20.66719137,17.79400761,38.46119898
GN7511140.2,B,24.7520475,23.35344679,48.10549429
GC1135070.3,B,22.43315414,21.69702369,44.13017783
GQ5832200.3,B,17.95270241,16.47490309,34.4276055
GQ4507340.3,B,25.66912147,23.80806752,49.47718899
HG3866290.2,B,29.1568713,26.9781967,56.135068
HC6856800.3,B,22.33861203,21.4693842,43.80799623
HN8514930.1,B,24.83646795,23.92597643,48.76244438
HN6845570.2,B,19.29145487,19.18783044,38.47928531
HC4799990.1,B,26.61314625,23.74528008,50.35842633
NH6273780.3,B,18.37958872,17.57851905,35.95810777
NC7536000.1,B,21.97067408,20.53102808,42.50170216
GQ1763750.2,B,22.5926371,23.38561535,45.97825245
QH8543580.2,B,28.4036092,28.11507156,56.51868076
NN4428770.4,B,22.82339673,21.93581587,44.7592126
GQ1935710.4,B,28.10122939,26.3317417,54.43297109
CN3540640.2,B,22.16054805,20.69575242,42.85630047
CH6648090.2,B,18.91069011,16.4088904,35.31958051
HC1342190.2,B,22.51323233,21.14139007,43.6546224
HC3042470.2,B,24.33483785,24.0942461,48.42908395
QN2306450.3,B,28.99072675,25.67794297,54.66866972
HH7500680.2,B,26.24766035,24.30800066,50.55566101
NC1459500.4,B,26.94307795,25.36541303,52.30849098
QQ9755550.4,B,23.70992299,22.8467792,46.55670219
QG3841270.2,B,32.98229692,30.80316903,63.78546595
QC5290240.3,B,31.33259978,28.80564921,60.13824899
GH2727870.1,B,26.69946932,26.18249816,52.88196748
CQ9997590.1,B,28.14860591,26.68265374,54.83125965
HQ4109050.3,B,22.32032559,20.5210302,42.84135579
CH3290450.4,B,26.57702185,25.03318628,51.61020813
QN6446090.1,B,26.60262669,25.708798,52.31142469
QH6936180.3,B,23.66285177,22.00256054,45.66541231
HG9655750.4,B,26.89516005,24.12703557,51.02219562
NN8794120.1,B,20.21836985,18.50394421,38.72231406
NH5625920.4,B,19.68142452,19.57353151,39.25495603
CG7726280.4,B,28.61959524,27.60369671,56.22329195
QQ9557630.2,B,21.44982306,19.36046484,40.8102879
GG7695640.4,B,18.80890553,17.8916996,36.70060513
QC5796580.3,B,18.41996836,18.56633894,36.9863073
NC7029490.3,B,22.70875819,22.24744428,44.95620247
NG2011780.1,B,24.75975671,23.3513851,48.11114181
GG2935060.4,B,20.8944905,19.85234845,40.74683895
HG6643620.2,B,21.93299533,18.92754011,40.86053544
HH8378740.2,B,25.19941352,24.2652172,49.46463072
GQ6189800.1,B,22.7859548,22.93816534,45.72412014
HQ6982590.3,B,25.79591616,24.93559801,50.73151417
NN6657210.3,B,26.87202583,24.51541206,51.38743789
NQ7670400.3,B,26.35742249,24.69758656,51.05500905
GG5246730.1,B,27.62072669,25.72606486,53.34679155
CH2403800.1,B,21.86024207,21.56762991,43.42787198
GG9690910.3,B,26.38439942,23.28246862,49.66686804
NC7813970.3,B,17.11867318,16.3036049,33.42227808
HQ1937970.4,B,13.57636224,13.97496367,27.55132591
GQ8537190.2,B,21.71800155,21.97144938,43.68945093
QG4447280.3,B,20.22666352,19.71693229,39.94359581
QH9830700.1,B,18.01573601,17.80199174,35.81772775
HH7277270.3,B,21.52250907,20.41565467,41.93816374
GH9634770.3,B,23.13854435,23.15194883,46.29049318
QC7049820.4,B,32.4140428,29.85362958,62.26767238
CC1708810.1,B,23.52855674,21.68222336,45.2107801
GN3693790.1,B,23.26680836,22.31042357,45.57723193
HH6809990.2,B,23.46058305,23.73762645,47.1982095
CC6651240.4,B,26.5489677,24.33735311,50.88632081
NC3555360.1,B,29.61457758,28.37640508,57.99098266
GG5564650.2,B,28.11416866,24.93840591,53.05257457
CQ5428520.4,B,20.10511178,19.97056581,40.07567759
GQ8387060.3,B,28.61531101,29.49496611,58.11027712
GN9846010.4,B,26.60182981,24.38367452,50.98550433
HQ4766480.4,B,27.40133337,26.70508615,54.10641952
QC4977020.2,B,18.5647722,18.97220503,37.53697723
QQ3334390.2,B,19.99747133,19.03755426,39.03502559
GN7620300.2,B,23.06936618,22.92477768,45.99414386
CC4275250.4,B,28.3258825,26.36889406,54.69477656
CG8069420.3,B,17.90585239,17.40516273,35.31101512
NH1120460.1,B,26.14990061,23.73716147,49.88706208
HC4814460.4,B,18.10809237,17.42032059,35.52841296
NQ3664800.2,B,28.61159734,29.70053224,58.31212958
NQ2973680.1,B,26.05213163,24.56497739,50.61710902
HG8516840.3,B,21.63864355,20.1759284,41.81457195
GH3580260.3,B,25.76263943,24.34022838,50.10286781
CN2429770.3,B,28.62068696,27.32233705,55.94302401
GH2211290.4,B,22.49947933,21.63150138,44.13098071
QH3477070.2,B,24.20154314,22.34091324,46.54245638
GQ9168830.3,B,27.23816579,25.95400485,53.19217064
CG2276590.4,B,26.62037218,24.02938727,50.64975945
CQ7230980.4,C,24.49049143,25.13611377,49.6266052
CC8416560.2,C,27.39812715,26.55868203,53.95680918
NN5273140.4,C,20.30691549,19.83311604,40.14003153
NQ4254290.2,C,27.64444907,27.34782217,54.99227124
QG6639590.4,C,25.46388313,24.16072359,49.62460672
GQ4867000.1,C,26.83790401,27.36068534,54.19858935
NN2221000.1,C,25.88985435,23.90413057,49.79398492
CG2749540.4,C,23.72025453,22.74356766,46.46382219
HN7166900.2,C,26.31386344,24.72466317,51.03852661
QG8646240.3,C,25.18242115,24.02126858,49.20368973
GN9228920.1,C,29.2360301,29.05389798,58.28992808
CH2338840.2,C,20.39840059,20.27775653,40.67615712
GH1068460.4,C,28.86128076,26.20009843,55.06137919
CN8479810.1,C,28.69512873,28.12824761,56.82337634
GC3336170.2,C,28.55884019,25.82695649,54.38579668
GH2795120.3,C,23.56600528,23.08554958,46.65155486
CG4753640.3,C,24.15148832,22.85140582,47.00289414
QQ1722940.3,C,19.55818191,19.52527951,39.08346142
GC8666490.4,C,24.31171635,21.6405747,45.95229105
NQ4663950.4,C,25.18213008,22.39559683,47.57772691
NN5995240.4,C,24.45657792,24.07659215,48.53317007
GN3676600.4,C,17.40980937,14.81746904,32.22727841
CH7989690.2,C,26.37251499,25.65812936,52.03064435
CQ4921850.1,C,25.88138969,24.19965811,50.0810478
CC6273130.4,C,24.34402448,22.04200923,46.38603371
HH7743010.2,C,28.8802532,27.41951739,56.29977059
QN2998920.3,C,25.21457398,25.18543367,50.40000765
CN2711650.4,C,23.40718357,23.06899876,46.47618233
NG3921430.3,C,24.24567524,22.74169358,46.98736882
QH1839860.1,C,22.41516972,22.93985371,45.35502343
NQ6814640.1,C,30.19549021,28.71870017,58.91419038
HH8335900.3,C,20.58670334,19.88447605,40.47117939
NC7593760.1,C,31.65519086,31.22110117,62.87629203
NH6619860.1,C,26.00916417,24.23628708,50.24545125
HQ3526620.3,C,25.5235646,23.90529469,49.42885929
GH4597490.1,C,31.02304789,31.20423063,62.22727852
GC4453460.4,C,27.40919248,22.95602437,50.36521685
GC6457490.1,C,19.61558132,17.29110679,36.90668811
CH1525770.3,C,28.58992696,26.46750855,55.05743551
CQ1055890.1,C,21.59226742,19.42052188,41.0127893
QN6792150.1,C,22.33270724,21.83758832,44.17029556
NN9105250.4,C,27.99735762,26.79584825,54.79320587
HQ7358780.3,C,23.43180037,21.43304098,44.86484135
NG4101510.3,C,22.40829934,22.48706303,44.89536237
GH4489370.1,C,22.35559598,21.5500295,43.90562548
QQ2327940.2,C,31.59375898,30.7583981,62.35215708
HQ5243240.2,C,16.82212821,17.57279068,34.39491889
GC9729360.2,C,23.25095349,22.90374805,46.15470154
QQ7451310.3,C,29.4552074,26.45510106,55.91030846
QC9037020.3,C,31.26219754,29.1474041,60.40960164
HQ3610610.3,C,24.14043902,23.00564214,47.14608116
GG4936560.2,C,24.40717112,24.39835271,48.80552383
GG7000430.3,C,35.26245253,34.21156759,69.47402012
CQ7940330.1,C,19.55481255,17.22314217,36.77795472
HQ5530910.3,C,29.20190199,27.91826821,57.1201702
NQ7044550.3,C,24.82017178,24.31043994,49.13061172
HG5850300.4,C,31.90411813,32.0321535,63.93627163
QC1547850.2,C,19.61520005,16.19972734,35.81492739
QH9585550.1,C,27.01044774,25.47536587,52.48581361
HC3870120.2,C,24.44675523,24.27457226,48.72132749
CC2765050.2,C,21.19477538,20.66574553,41.86052091
CH2001570.2,C,22.44892137,22.06518016,44.51410153
QN4548240.2,C,20.24545693,17.85738604,38.10284297
NG4102520.2,C,24.71388514,23.04580309,47.75968823
QH1589720.1,C,22.97153517,21.31637,44.28790517
CC4971540.1,C,29.46417671,27.56541037,57.02958708
QN9180080.1,C,26.14436412,23.02099794,49.16536206
NG9149980.2,C,18.21586579,15.17880428,33.39467007
GC3544330.2,C,26.70501026,26.03221923,52.73722949
NN6501430.3,C,22.39580457,19.51832922,41.91413379
NC4884520.1,C,30.52705119,26.42095396,56.94800515
GG9458290.3,C,20.27133218,18.72470711,38.99603929
CN6985120.4,C,21.782279,21.14400423,42.92628323
QN2912520.4,C,28.75146326,28.57244701,57.32391027
GQ3403410.2,C,23.10283359,23.23695882,46.33979241
NC4377340.3,C,19.87947152,20.08402096,39.96349248
CG4323670.3,C,29.7043671,28.094472,57.7988391
HQ6312840.3,C,36.0952932,35.36034744,71.45564064
CC5352330.1,C,21.22283348,18.86930163,40.09213511
QG2773900.2,C,31.92317942,29.96138718,61.8845666
HQ4283450.1,C,26.65823418,23.54826583,50.20650001
QG6998210.3,C,31.42013871,29.79539929,61.215538
GH7506260.4,C,21.14137124,19.53589617,40.67726741
GQ7552780.2,C,30.3681344,26.91878827,57.28692267
QG4784390.2,C,25.92125587,24.54380252,50.46505839
QC7217130.2,C,30.98558815,27.79602532,58.78161347
GN3075390.2,C,31.11400744,30.13220259,61.24621003
QC3075570.1,C,25.51417425,26.38070309,51.89487734
CG8550220.1,C,14.08368521,14.41754317,28.50122838
NH5395580.4,C,22.77606962,22.72197705,45.49804667
GG8436690.2,C,22.14193209,21.70855101,43.8504831
HG8296820.4,C,24.17112541,24.37186989,48.5429953
NC3922360.4,C,31.87715598,30.03494226,61.91209824
HC4862530.4,C,24.63053682,23.75615057,48.38668739
CC8931270.4,C,23.71171135,21.54885261,45.26056396
CQ4487260.4,C,31.43905368,28.56414244,60.00319612
HH1264100.1,C,31.84971353,29.40517787,61.2548914
CH6724110.1,C,28.67503905,26.38402901,55.05906806
CN6944870.4,C,30.07951575,28.54557993,58.62509568
NQ5209480.4,C,32.24162548,31.07298047,63.31460595
CC4752410.2,C,19.91765258,19.75147766,39.66913024
GH1382120.1,C,28.75751284,27.12571545,55.88322829
CG5141600.1,C,28.24652346,27.47652703,55.72305049
CG9796310.4,C,23.14952411,22.47397175,45.62349586
NH9224610.1,C,20.87463998,21.99352768,42.86816766
HQ2055980.4,C,29.65394393,28.02919632,57.68314025
NC1520480.2,C,23.80021644,22.12692339,45.92713983
HN9461480.3,C,28.46331346,27.32569096,55.78900442
NN3184740.4,C,18.46789497,17.69564348,36.16353845
HN8305170.2,C,25.94239373,24.80178171,50.74417544
HQ7329670.1,C,24.77967802,26.11203469,50.89171271
CN5238340.4,C,24.18815447,23.22422872,47.41238319
QG7536630.4,C,25.63847857,23.74627244,49.38475101
HC4682640.1,C,19.35327645,17.68591211,37.03918856
GQ7512900.1,C,21.83678577,20.0829724,41.91975817
HQ7762970.1,C,26.91421038,26.04206966,52.95628004
NC4091140.1,C,23.28094921,22.97727655,46.25822576
CH2550840.4,C,26.15176253,24.06085181,50.21261434
GH3603670.4,C,25.46052319,23.89083124,49.35135443
NC9212240.2,C,30.19175392,28.37867305,58.57042697
CN1246350.1,C,32.81874894,31.08641827,63.90516721
GN3766970.1,C,23.81744947,21.38976367,45.20721314
GH5758020.2,C,24.46533352,22.63187401,47.09720753
GG6184370.2,C,23.66107457,23.74371644,47.40479101
QQ1051040.2,C,29.30594005,28.51503198,57.82097203
GQ6223280.1,C,26.58672019,25.74192899,52.32864918
HN8196040.3,C,28.03388562,28.20731988,56.2412055
CQ4049420.1,C,21.71052965,21.37782,43.08834965
GC5708580.1,C,24.45873134,24.75587356,49.2146049
CN9763070.4,C,29.53576426,29.4533197,58.98908396
NQ6192920.2,C,21.21689369,18.10420109,39.32109478
NG2309310.3,C,25.37216879,25.47349948,50.84566827
GG4029010.4,C,22.90583967,22.9533645,45.85920417
CG9923230.4,C,25.07949087,23.51901788,48.59850875
GC1856610.2,C,28.40050938,26.22765964,54.62816902
QC3508000.1,C,25.53725413,24.31006924,49.84732337
HG2848250.2,C,23.15422781,23.17896749,46.3331953
QH5738120.2,C,32.59088374,31.55067552,64.14155926
QC2631770.2,C,21.83749101,20.67552397,42.51301498
HN8082820.2,C,30.10481244,29.66071543,59.76552787
NC2729130.1,C,27.23335493,24.38923319,51.62258812
NG7143550.2,C,19.83152333,18.35794616,38.18946949
GH1141600.3,C,24.27588341,22.82638238,47.10226579
CQ6573490.4,C,21.43122951,20.95716174,42.38839125
NQ8370360.3,C,24.5149412,23.24782833,47.76276953
CG2283120.3,C,29.01693378,28.21604006,57.23297384
QQ7628180.3,C,29.86053832,28.91935142,58.77988974
NG9491690.4,C,30.85667352,27.83643092,58.69310444
QC1425570.3,C,24.65643349,23.10200338,47.75843687
HG5236850.3,C,22.96352863,23.13735895,46.10088758
HQ3213330.3,C,30.38424086,25.93382039,56.31806125
CQ6353770.1,C,25.04860488,23.35698801,48.40559289
NH4140870.4,C,24.0871702,22.39830052,46.48547072
GC6024050.1,C,26.34336002,23.82111501,50.16447503
GH6417190.1,C,25.60513502,23.39194977,48.99708479
HC9962170.1,C,27.16136316,25.13264903,52.29401219
HH2242390.2,C,21.9895074,20.9975543,42.9870617
HH1855390.3,C,21.9214164,20.32618189,42.24759829
QH1027000.3,C,29.12862794,28.57849016,57.7071181
QC8154400.2,C,30.63688321,30.66411638,61.30099959
GQ9439530.2,C,21.91392284,22.60253834,44.51646118
QG2694110.4,C,26.24878808,24.2109252,50.45971328
NN8637930.2,C,26.76279783,26.23032938,52.99312721
QC7318280.2,C,28.00774816,26.35079046,54.35853862
NG4956680.2,C,22.6195841,20.08272963,42.70231373
QC2531220.1,C,26.4884389,24.86354037,51.35197927
GH6341010.1,C,24.11459989,23.28820307,47.40280296
CH1109770.3,C,28.50894072,27.38146777,55.89040849
GQ9071740.3,C,26.16505933,24.70176953,50.86682886
HH4775250.4,C,27.91156308,27.94714188,55.85870496
HQ2035190.1,C,20.0680162,18.41623569,38.48425189
HG2652960.4,C,30.08021959,27.58638094,57.66660053
QN7768410.2,C,16.9720703,14.53821415,31.51028445
QN2044230.2,C,21.83127493,22.55324236,44.38451729
NH4454370.1,C,31.10957341,28.99958811,60.10916152
NH6104310.3,C,22.68614268,22.27478184,44.96092452
NH7417510.4,C,22.75270355,21.65209739,44.40480094
HG4945920.1,C,24.09057292,23.61043951,47.70101243
QC8980140.2,C,23.86782375,20.32621839,44.19404214
NN6975560.1,C,31.79523726,31.19820085,62.99343811
NQ2222040.2,C,21.83707624,21.76274647,43.59982271
QQ1943740.2,C,16.37195083,14.72653848,31.09848931
NH6119980.2,C,26.41878534,23.18858443,49.60736977
HH7288660.4,C,25.31739914,25.57151754,50.88891668
QH1820910.4,C,20.2757127,19.21809744,39.49381014
HN7120250.4,C,26.2464138,25.34082015,51.58723395
CC8711900.3,C,26.62032878,26.82621875,53.44654753
CN7495980.2,C,17.92568161,17.97175509,35.8974367
HG6318300.3,C,25.26662312,22.81674395,48.08336707
CG7000960.4,C,28.26984878,26.86361525,55.13346403
HC6310760.3,C,25.58478024,26.02260728,51.60738752
QH5526080.4,C,23.10718595,21.54377687,44.65096282
GC1774630.1,C,24.45130742,25.0573952,49.50870262
CQ4044700.2,C,27.64145647,27.36404962,55.00550609
NN6926310.3,C,29.13099084,27.53138302,56.66237386
CC3021900.1,C,22.69536722,21.27032506,43.96569228
HH8725010.1,C,34.20349457,31.90219112,66.10568569
GN3694160.3,C,25.6041352,23.2710583,48.8751935
GC8575920.4,C,26.56043377,25.69758559,52.25801936
NQ8350640.4,C,25.52332228,24.17124053,49.69456281
QH9330070.2,C,30.34015279,28.46510571,58.8052585
CH6449700.4,C,25.45914861,24.83102584,50.29017445
QN1518040.4,C,29.91703176,28.99055791,58.90758967
QN8809550.1,C,27.19115669,25.88383288,53.07498957
QG1126780.3,C,28.59099096,28.22167965,56.81267061
NC6368880.3,C,21.19272581,19.77733226,40.97005807
GH4855330.1,C,20.61484834,20.08511902,40.69996736
GH7810940.4,C,21.29184209,20.33177,41.62361209
HG5471800.2,C,20.8090819,20.79961752,41.60869942
HQ8600560.3,C,22.86222425,21.8227265,44.68495075
QN6467430.2,C,21.59481518,19.790386,41.38520118
GN9849830.4,C,24.40424735,22.3318527,46.73610005
QG5915490.3,C,27.23221303,27.49190081,54.72411384
QQ5245610.1,C,18.61166685,18.94815621,37.55982306
NH4644970.2,C,19.45568093,18.10776348,37.56344441
NN3262160.4,C,29.04695059,28.00464584,57.05159643
HH6375320.3,C,23.57055666,20.60769322,44.17824988
GG1732110.1,C,26.6507117,23.14943011,49.80014181
HN4046590.2,C,29.24812305,28.36221576,57.61033881
QQ2461460.3,C,19.76648872,18.59265697,38.35914569
GG7672630.4,C,23.50707919,22.09441442,45.60149361
GC3031750.1,C,30.86551675,28.45273248,59.31824923
QH5683250.1,C,27.45013867,25.09121301,52.54135168
GG3175500.2,C,24.0469848,23.24523116,47.29221596
CH9732910.2,C,26.05930766,25.15483001,51.21413767
QG5151990.3,C,26.2579335,24.67439257,50.93232607
HC6180000.1,C,23.72813234,22.39542737,46.12355971
NQ2763950.4,C,26.58653624,25.80094645,52.38748269
GG8943270.2,C,23.17964492,22.75278831,45.93243323
QN6871810.2,C,30.54036729,29.02245294,59.56282023
HQ2545870.4,C,28.6931314,27.5760158,56.2691472
GN1779800.4,C,27.60956279,26.16028205,53.76984484
HG3232670.4,C,25.90816409,23.61628442,49.52444851
HQ2610520.3,C,25.72344214,25.85782337,51.58126551
NC7260620.2,C,25.0179027,24.59105998,49.60896268
NQ1782470.1,C,22.41725442,19.82874669,42.24600111
CQ4939760.3,C,22.73442228,23.30848783,46.04291011
HH7411230.3,C,20.86010323,20.3883258,41.24842903
NH6889930.1,C,24.71008171,22.73336468,47.44344639
QN1771520.2,C,17.55176218,15.64615679,33.19791897
NQ9110130.1,C,26.96617515,26.5486241,53.51479925
NH8689700.1,C,28.6231336,26.8078717,55.4310053
NQ9342270.3,C,20.65598929,20.7342108,41.39020009
NH4164900.4,C,23.14655504,21.95206821,45.09862325
GG6723040.3,C,28.32506059,28.12282282,56.44788341
QH7137500.2,C,28.36280934,26.40922009,54.77202943
HC8558930.4,C,26.19982707,25.32079727,51.52062434
GC6584550.4,C,16.49098831,14.33721776,30.82820607
QC4992120.1,C,22.56922866,21.69322403,44.26245269
CQ4262420.4,C,26.02207764,23.46304876,49.4851264
NH7524630.1,C,24.38688314,23.34462396,47.7315071
HC6381120.2,C,27.60357971,25.77510238,53.37868209
NH1199050.3,C,29.06821139,29.7252734,58.79348479
GC5168230.1,C,22.30697174,21.27037739,43.57734913
QN4923150.3,C,24.93279733,23.86068063,48.79347796
NG1760300.3,C,22.13232753,20.89952112,43.03184865
QH8400560.3,C,26.05121927,23.44814948,49.49936875
QH4246370.3,C,20.6187795,19.03468938,39.65346888
NQ3102080.4,C,25.05955303,22.85779516,47.91734819
NH2086860.2,C,25.37892755,23.53611128,48.91503883
GC2991180.3,C,27.95424067,27.72713908,55.68137975
QH3102350.3,C,23.04888511,23.00561689,46.054502
GH1592450.4,C,24.89868334,24.0968461,48.99552944
CN5649640.4,C,25.06400705,22.06630755,47.1303146
QN3613520.3,C,21.84196997,22.7816309,44.62360087
NN2610430.4,C,23.92620113,22.33978373,46.26598486
CC2831410.1,C,25.12232301,23.34448494,48.46680795
HN4802670.2,C,22.79893626,21.17272667,43.97166293
GC2641580.2,C,24.2006174,23.10808113,47.30869853
NG3072390.2,C,28.27803884,26.50691468,54.78495352
HQ1266060.1,C,24.51635036,23.10098467,47.61733503
HG9245510.3,C,26.53082435,24.59006367,51.12088802
GQ4878940.1,C,28.75170168,27.7706949,56.52239658
QN1740750.4,C,28.18362487,25.92672054,54.11034541
NG7678710.2,C,23.08135077,21.06906071,44.15041148
NC9983740.3,C,23.20918512,22.62184789,45.83103301
GG9244060.3,C,18.44797058,18.36721701,36.81518759
HQ1113950.1,C,21.94915943,22.06708542,44.01624485
HQ9416630.3,C,20.61225588,18.18187397,38.79412985
HN9994000.3,C,27.84888737,27.11007945,54.95896682
QQ5313740.3,C,27.03633072,26.54778156,53.58411228
HH4334080.1,C,24.54607308,23.7207673,48.26684038
NG5827770.3,C,26.51467368,25.17234172,51.6870154
HN7440210.1,C,25.09432352,22.71710735,47.81143087
HG9220490.1,C,23.38841702,22.17279023,45.56120725
QH2485510.1,C,26.4052774,24.12527478,50.53055218
GN2950270.1,C,28.66511268,26.65786371,55.32297639
CC9572090.2,C,19.36306669,18.04423368,37.40730037
GG8359050.2,C,17.77567492,18.68832248,36.4639974
HC8999510.4,C,17.77656985,17.72311841,35.49968826
HH9002010.1,C,25.33160595,23.75894677,49.09055272
QN5652070.1,C,31.15986659,28.61221055,59.77207714
CN3043070.1,C,30.62833608,31.91157764,62.53991372
HQ7659510.2,C,25.92350588,24.25473825,50.17824413
CC1850630.4,C,28.5372442,27.72308422,56.26032842
HG6565360.2,C,34.39123188,33.90021206,68.29144394
CQ3827840.1,C,19.58385465,17.51048674,37.09434139
GH8126900.3,C,25.98647164,24.79888069,50.78535233
GH7662980.1,C,31.47195661,29.20665513,60.67861174
QG5646800.1,C,21.07198989,20.21497785,41.28696774
QH7821380.3,C,31.29250148,30.6304623,61.92296378
CH6313280.3,C,23.89020457,21.84405812,45.73426269
GN6206460.2,C,25.83926459,24.43505172,50.27431631
HC7743870.1,C,27.26369289,25.64470328,52.90839617
CQ6498130.1,C,27.48024415,26.15855494,53.63879909
NQ5165530.1,C,19.97089884,20.1506905,40.12158934
GC8990410.3,C,26.31075499,25.13653678,51.44729177
NQ2357590.1,C,30.47429773,28.28668705,58.76098478
CQ6734330.2,C,21.1983446,20.25196035,41.45030495
CN4685450.3,C,22.28709846,21.03033726,43.31743572
HH9437390.3,C,19.75515229,19.00370936,38.75886165
CN2008720.1,C,12.3669036,11.53608435,23.90298795
QQ7733460.3,C,21.6265832,19.11019361,40.73677681
CN6098420.3,C,30.90452528,28.75826663,59.66279191
GH9074590.1,C,21.80879691,19.97135158,41.78014849
NC9392030.1,C,34.4342036,33.21489529,67.64909889
HC7129440.2,C,23.98261204,22.9601951,46.94280714
GG6729710.4,C,26.54525225,25.63696024,52.18221249
